id,partner_name,brand_id,brand_name,title,details_text,discount_amount,vigencia_days,source_url,valid_from,valid_to
739,Todo medio de pago,1,Copec,‚õΩÔ∏èüöó $50 de descuento por litro de combustible,"Usuarios nuevos de la app Copec, tienen $50 de rebaja por litro de combustible en la primera transacci√≥n y cupones por $50 de descuento por litro al referir amigos que hagan su primera compra. Esta promoci√≥n es v√°lida exclusivamente en Estaciones de Servicio Copec que cuenten con app Copec disponible. Participan todos los clientes que realicen su primera compra de Gasolinas (93, 95, 97) o Petr√≥leo Di√©sel con tarjetas asociadas en la app Copec y seleccionen su cup√≥n al finalizar la compra. Cup√≥n no v√°lido en Estaciones de Servicio Zervo.",$50/lt,"lu, ma, mi, ju, vi, sa, do",https://descuentosrata.com/cupones/534/ref-muevocopec,2025-04-09T10:28:26-04:00,2026-01-01T00:00:00-03:00
740,Santander,1,Copec,‚õΩÔ∏èüöó $50 de descuento por litro de combustible,"Promoci√≥n v√°lida para clientes titulares de cr√©dito automotriz Santander Consumer con pago de cr√©dito al d√≠a, y que realicen el pago de combustible a trav√©s de la app Copec con las tarjetas asociadas de viernes a viernes hasta el mes de diciembre de 2025. V√°lido solo un cup√≥n vigente por cliente. V√°lido solo un cup√≥n vigente por semana. Usuarios nuevos recibir√°n su cup√≥n correspondiente por la promoci√≥n ‚ÄúSantander Consumer Chile LTDA‚Äù hasta 7 d√≠as h√°biles y consiste en $50/lt a trav√©s de la app Copec con un l√≠mite de 70 litros por carga, en gasolina o di√©sel en cualquiera de las Estaciones de Servicio COPEC que cuenten con este medio de pago.",$50/lt,"lu, ma, mi, ju, vi, sa, do",https://www.appcopec.cl/promo-y-beneficios/santander-consumer/,2025-04-09T10:37:35-04:00,2026-01-01T00:00:00-03:00
741,Tarjetas de cr√©dito Coopeuch,1,Copec,‚õΩÔ∏èüöó $100 de descuento por litro de combustible,"Promoci√≥n v√°lida para todos los jueves de 2025. V√°lido para compra de combustible (93, 95, 97 octanos), pagando con tarjetas de Cr√©dito Coopeuch a trav√©s de app Copec. El descuento ser√° abonado en la cuenta del socio, en un plazo m√°ximo de 10 d√≠as h√°biles. El precio para el c√°lculo del descuento por litro de combustible es de $1.112. Beneficio v√°lido solo para compras con boleta.",$100/lt,ju,https://www.appcopec.cl/promo-y-beneficios/coopeuch/,2025-04-09T10:46:58-04:00,2026-01-01T00:00:00-03:00
743,Todo medio de pago,1,Copec,‚õΩÔ∏èüöó $50 de descuento por litro de combustible,"Beneficio consiste en un cup√≥n de $50/lt de descuento para socios del Plan Movilidad en las Estaciones de Servicios adheridas de Copec pagando con tarjetas asociadas app Copec para compras de Gasolina (93,95, 97 octanos) o Petr√≥leo Diesel. No es v√°lido en estaciones de servicio Zervo. El descuento estar√° disponible en un cup√≥n todos los d√≠as mi√©rcoles, v√°lido para una transacci√≥n al d√≠a. El monto m√°ximo de descuento por mes ser√° de $10.000 por socio titular.",$50/lt,mi,https://www.appcopec.cl/promo-y-beneficios/automovil-club/,2025-04-09T11:00:22-04:00,2026-01-01T00:00:00-03:00
745,Cencosud Scotiabank,1,Copec,‚õΩÔ∏èüöó Hasta $100 de descuento por litro de combustible,"Promoci√≥n v√°lida los d√≠as lunes pagando con tu Cencosud Scotiabank Mastercard asociada a la app Copec. V√°lido para compras de Gasolinas 93, 95, 97 o Petr√≥leo Diesel. Tarjeta Cl√°sica y Platinum con $50 por&nbsp;litro y Black con $100. Descuento aplica autom√°ticamente al momento del pago en la app.",Hasta $100/lt,lu,https://www.appcopec.cl/promo-y-beneficios/tarjeta-cencosud-scotiabank/,2025-04-09T11:11:10-04:00,2025-12-01T00:00:00-03:00
746,BCI,1,Copec,‚õΩÔ∏èüöó $100 de descuento por litro en combustible,"$100 de descuento, equivalente a 7% de cashback, los jueves pagando con Tarjeta de Cr√©dito Bci mediante App Copec. Las compras v√°lidas que reciben cashback son aquellas que se activen previo a la compra a trav√©s de la plataforma BciPlus+ en los canales App Bci o web privada bci.cl y se paguen mediante App Copec. Promoci√≥n v√°lida los jueves de abril, para una carga de m√°ximo 70 lts. de combustible (di√©sel, gasolinas 93, 95 y 97) por RUT, que se pague con Tarjeta de Cr√©dito Bci mediante App Copec. Las compras v√°lidas que reciben cashback son aquellas que se activen previo a la compra a trav√©s de la plataforma BciPlus+ en los canales App Bci o web privada bci.cl&nbsp;y se paguen mediante App Copec.",$100/lt,ju,https://www.appcopec.cl/promo-y-beneficios/banco-bci-2/,2025-04-09T11:13:29-04:00,2025-12-01T00:00:00-03:00
747,Banco Internacional,1,Copec,‚õΩÔ∏èüöó $100 de descuento por litro de combustible,"$100 de descuento todos los Martes del a√±o pagando con tus Tarjetas de Cr√©dito Mastercard Cl√°sica, Gold y Black de Banco Internacional asociada en la app Copec para compras de Gasolinas (93,95, 97 octanos) o Petr√≥leo Diesel. No es v√°lido en Estaciones Autoservicios. El descuento aplica de manera autom√°tica pagando con la aplicaci√≥n Copec.",$100/lt,ma,https://www.appcopec.cl/promo-y-beneficios/banco-internacional/,2025-04-09T11:21:18-04:00,2026-01-01T00:00:00-03:00
748,Todo medio de pago,2,Shell,‚õΩÔ∏èüöó $50 de descuento por litro de combustible,"Descuento de $50 por litro a trav√©s de la&nbsp;app MiCopiloto&nbsp;con todo medio de pago en Shell, que se aplica a los primeros 70 litros de carga. Los usuarios de la app Micopiloto pueden recibir un $50 de descuento por litro el d√≠a de su cumplea√±os y durante los seis d√≠as despu√©s de la fecha. El tope es de una carga de m√°ximo 70 litros.",$50/lt,"lu, ma, mi, ju, vi, sa, do",https://www.shell.cl/estaciones-de-servicio/micopiloto.html,2025-04-09T11:26:42-04:00,2026-01-01T00:00:00-03:00
749,L√≠der BCI,2,Shell,‚õΩÔ∏èüöó $100 de descuento por litro de combustible,Dcto. v√°lido en la App Micopiloto de Shell todos los martes. Tope de dcto. $4.000 por transacci√≥n. M√°ximo de 2 transacciones por cliente al mes. &nbsp;,$100/lt,ma,https://tarjetaliderbci.cl/contenidos/descuentos/detalle/737/llena-tu-estanque-de-combustible-en-abril-tienes-100-dcto-por-litro-en-app-micopiloto,2025-04-09T11:35:37-04:00,2025-12-01T00:00:00-03:00
751,Tenpo Mastercard,2,Shell,‚õΩÔ∏èüöó Hasta $300 de cashback por litro de combustible,"Al pagar con tarjetas Tenpo, los viernes puedes conseguir entre $50 y $300 de cashback por litro de bencina pagando en tus apps de bencina (Copec, Petrobras, Aramco). Tope de $4.000 por carga, s√≥lo puede usarse dos veces al mes. Promoci√≥n acumulable con otros descuentos de cada app. Encuentra el beneficio en la secci√≥n Misiones de tu app Tenpo.",Hasta $300/lt,vi,https://www.tenpo.cl/beneficios/apps-bencina-abril,2025-04-09T11:55:00-04:00,2025-12-01T00:00:00-03:00
752,BICE,2,Shell,‚õΩÔ∏èüöó $100 de descuento por litro de combustible en üì± app MiCopiloto,"Obt√©n $100 de dcto. por litro de combustible los domingos del mes,&nbsp;pagando con la app Micopiloto de Shell con tu Tarjeta de Cr√©dito BICE. Tope dcto. mensual de $5.000 total, con 1 transacciones mensual por usuario Micopiloto y por Tarjeta de Cr√©dito BICE. Promoci√≥n v√°lida para clientes con tarjeta de cr√©dito Signature Visa, Infinite Visa, Platinum Visa o Gold Visa BICE.",$100/lt,do,https://banco.bice.cl/personas/beneficios/micopiloto-shell,2025-04-09T11:59:39-04:00,2025-12-01T00:00:00-03:00
761,WOM,2,Shell,‚õΩÔ∏è $100 de descuento por litro de combustible para clientes WOM en Shell,"Para obtener tu descuento sigue los siguientes pasos: 1. EI mi√©rcoles, ingresa a la app WOM y solicita el c√≥digo de descuento.&nbsp; 2.Ingresa el c√≥digo en la app Micopiloto. ¬°Listo! Ahora podr√°s acceder a $100 Dcto/Lt. &nbsp; Condiciones del descuento: . Descuento de 100 $/Lt de combustible di√©sel y gasolinas (93, 95 y V-Power). . V√°lido √∫nicamente el mismo d√≠a en que se realiza el canje del c√≥digo desde la App WOM. ‚Ä¢ Limite de $1.800. . Una carga por c√≥digo.",$100 off por litro,mi,https://www.wom.cl/beneficios/marcas/micopiloto,2025-04-15T13:54:11-04:00,2025-12-01T00:00:00-03:00
763,Todo medio de pago,3,Petrobras,‚õΩÔ∏èüöó $15 de descuento por litro de combustible para municipalidades adheridas,"Descuento v√°lido en las estaciones adheridas de tu comuna los d√≠as lunes y martes con cualquier medio de pago para los municipios adheridos a la AMUCH. Puedes revisar si tu comuna est√° inscrita en el beneficio aqu√≠. Detalle descuento Alianza AMUCH. Dcto: De&nbsp; $15 por litro en gasolina y/o di√©sel. Dcto: De $40 por litro de parafina Dcto: De&nbsp; $20&nbsp; por litro en gasolina y/o di√©sel para adultos mayores. Vigencia : hasta el 31 de diciembre 2025. Topes:&nbsp; 2 cargas de combustible y parafina por d√≠a Topes de monto combustible:&nbsp; $120.000 por carga Operatividad:&nbsp; El descuento se activa entregando tu RUT previo a la carga de&nbsp;combustible, esto significa que, con el descuento aplicado recibir√°s m√°s&nbsp;litros por el monto solicitado. Para acceder a este descuento,&nbsp; ingresa tus datos en este formulario . Una vez validado, ser√°s notificado mediante correo electr√≥nico que tu beneficio se encuentra activo. &nbsp; &nbsp;",$15/lt,"lu, ma",https://www.petrobrasdistribucion.cl/promociones/descuento-con-tu-rut/amuch/,2025-05-05T14:00:46-04:00,2026-01-01T00:00:00-03:00
764,Caja Los Andes,3,Petrobras,‚õΩÔ∏èüöó $15 de descuento por litro de combustible,"$15 de descuento en combustible y $25 de descuento en parafina para afiliados Caja de Los Andes s√≥lo con tu RUT. Vigencia promoci√≥n : hasta el 31 de diciembre de 2025. Topes: &nbsp;4 carga al mes por afiliado con tope de monto de $120.000 para combustible y $30.000 para Parafina. Validez : Descuento aplica los d√≠as viernes. Operatividad:&nbsp; El descuento se activa entregando tu RUT previo a&nbsp;la carga de combustible, esto significa que, con el descuento&nbsp;aplicado recibir√°s m√°s litros por el monto solicitado.",$15/lt,vi,https://www.petrobrasdistribucion.cl/promociones/descuento-con-tu-rut/caja-los-andes/,2025-05-05T14:28:27-04:00,2026-01-01T00:00:00-03:00
1092,Banco Ripley,3,Petrobras,‚õΩÔ∏è Hasta $150 de descuento por litro de combustible con Banco Ripley en Petrobras,Hasta $150 de descuento por litro los mi√©rcoles pagando con tarjeta de cr√©dito o d√©bito Banco Ripley Mastercard. La promoci√≥n tiene un tope de $8.000 mensuales. El beneficio se abona en 48 horas y se ver√° en tu estado de cuenta. Los clientes Plus tienen $100 de descuento por litro; los clientes Silver tendr√°n $125 y los clientes Gold $150.,Hasta $150 off x lt,mi,https://www.petrobrasdistribucion.cl/promociones/descuento-con-medios-de-pago/descuento-ripley/,2025-07-08T16:03:20-04:00,2025-12-01T00:00:00-03:00
1093,"Rutpay, de BancoEstado",1,Copec,‚õΩÔ∏è $100 de descuento por litro de combustible pagando con Rutpay en Copec,"Pagando con Rut Pay de Banco Estado, tienes $100 de descuento por litro de bencina en Copec todos los viernes. L√≠mite de 50 litros por carga de gasolina, di√©sel y kerosene. Adem√°s, pagando con Rutpay acumulas puntos Full Copec.",$100/lt,vi,,2025-07-08T16:14:11-04:00,2026-01-01T00:00:00-03:00
1213,Cencosud Scotiabank,1,Copec,‚õΩÔ∏èüöó Hasta $100 de descuento por litro en combustible pagando con Cencosud Scotiabank en Copec,"Promoci√≥n v√°lida los d√≠as mi√©rcoles pagando con las tarjetas de cr√©dito Visa Scotiabank asociada en la app Copec para compras de Gasolinas (93,95, 97 octanos) o Petr√≥leo Diesel. Descuento diferenciado por tipo de tarjeta: $25 planitum y Gold, $50 Visa Scotia Signature, $75 Visa Scotia Infinite y $100 Singular. Descuento aplica autom√°ticamente al momento del pago en la app.",Desde $25/lt,mi,https://www.appcopec.cl/beneficios-appcopec/combustible/scotiabank/,2025-09-04T11:40:30-04:00,2026-01-01T00:00:00-03:00
1489,MACHBANK,1,Copec,‚õΩÔ∏è $100 de descuento por litro de bencina con tarjetas de cr√©dito MACHBANK en Copec,"Aprovecha $100 de descuento el d√≠a S√°bado pagando con tus Tarjetas de cr√©dito MACHBANK asociadas en la app Copec para compras de combustible (93,95, 97 octanos) o Petr√≥leo Diesel.",$100/lt,sa,https://www.appcopec.cl/beneficios-appcopec/combustible/mach/,2025-11-03T15:39:37-03:00,2025-12-01T00:00:00-03:00
1490,Scotia,1,Copec,‚õΩÔ∏è Hasta $100 de descuento por litro en combustible con Visa Scotiaban en Copec,Aprovecha tu descuento todos los mi√©rcoles del a√±o. Tienes hasta $100 de descuento por litro en combustible pagando con tus tarjetas de cr√©dito Visa Scotiabank a trav√©s de app Copec todos los mi√©rcoles.,Hasta $100 off x lt,mi,https://www.appcopec.cl/beneficios-appcopec/combustible/scotiabank/,2025-11-03T15:47:35-03:00,2025-12-01T00:00:00-03:00
1491,Banco Internacional,1,Copec,‚õΩÔ∏èüöó $100 de descuento por litro en combustible con Banco Internacional en Copec,"Aprovecha $100 de descuento todos los Martes del a√±o pagando con tus Tarjetas de Cr√©dito Mastercard Cl√°sica, Gold y Black de Banco Internacional asociada en la app Copec para compras de Gasolinas (93,95, 97 octanos) o Petr√≥leo Diesel.",$100/lt,ma,https://www.appcopec.cl/beneficios-appcopec/combustible/banco-internacional/,2025-11-03T15:52:04-03:00,2025-12-01T00:00:00-03:00
